--
-- PostgreSQL database dump
--

\restrict 6m99Pah0boPrr3bMK5Kki8fdCDE12CL7KnWOz519ToYZvaabMuQ5GjqkdDMvPAx

-- Dumped from database version 18.3 (Debian 18.3-1.pgdg13+1)
-- Dumped by pg_dump version 18.3 (Debian 18.3-1.pgdg13+1)

SET statement_timeout = 0;
SET lock_timeout = 0;
SET idle_in_transaction_session_timeout = 0;
SET transaction_timeout = 0;
SET client_encoding = 'UTF8';
SET standard_conforming_strings = on;
SELECT pg_catalog.set_config('search_path', '', false);
SET check_function_bodies = false;
SET xmloption = content;
SET client_min_messages = warning;
SET row_security = off;

--
-- Name: public; Type: SCHEMA; Schema: -; Owner: poultry_farm_db_user
--

-- *not* creating schema, since initdb creates it


ALTER SCHEMA public OWNER TO poultry_farm_db_user;

SET default_tablespace = '';

SET default_table_access_method = heap;

--
-- Name: auth_group; Type: TABLE; Schema: public; Owner: poultry_farm_db_user
--

CREATE TABLE public.auth_group (
    id integer NOT NULL,
    name character varying(150) NOT NULL
);


ALTER TABLE public.auth_group OWNER TO poultry_farm_db_user;

--
-- Name: auth_group_id_seq; Type: SEQUENCE; Schema: public; Owner: poultry_farm_db_user
--

ALTER TABLE public.auth_group ALTER COLUMN id ADD GENERATED BY DEFAULT AS IDENTITY (
    SEQUENCE NAME public.auth_group_id_seq
    START WITH 1
    INCREMENT BY 1
    NO MINVALUE
    NO MAXVALUE
    CACHE 1
);


--
-- Name: auth_group_permissions; Type: TABLE; Schema: public; Owner: poultry_farm_db_user
--

CREATE TABLE public.auth_group_permissions (
    id bigint NOT NULL,
    group_id integer NOT NULL,
    permission_id integer NOT NULL
);


ALTER TABLE public.auth_group_permissions OWNER TO poultry_farm_db_user;

--
-- Name: auth_group_permissions_id_seq; Type: SEQUENCE; Schema: public; Owner: poultry_farm_db_user
--

ALTER TABLE public.auth_group_permissions ALTER COLUMN id ADD GENERATED BY DEFAULT AS IDENTITY (
    SEQUENCE NAME public.auth_group_permissions_id_seq
    START WITH 1
    INCREMENT BY 1
    NO MINVALUE
    NO MAXVALUE
    CACHE 1
);


--
-- Name: auth_permission; Type: TABLE; Schema: public; Owner: poultry_farm_db_user
--

CREATE TABLE public.auth_permission (
    id integer NOT NULL,
    name character varying(255) NOT NULL,
    content_type_id integer NOT NULL,
    codename character varying(100) NOT NULL
);


ALTER TABLE public.auth_permission OWNER TO poultry_farm_db_user;

--
-- Name: auth_permission_id_seq; Type: SEQUENCE; Schema: public; Owner: poultry_farm_db_user
--

ALTER TABLE public.auth_permission ALTER COLUMN id ADD GENERATED BY DEFAULT AS IDENTITY (
    SEQUENCE NAME public.auth_permission_id_seq
    START WITH 1
    INCREMENT BY 1
    NO MINVALUE
    NO MAXVALUE
    CACHE 1
);


--
-- Name: auth_user; Type: TABLE; Schema: public; Owner: poultry_farm_db_user
--

CREATE TABLE public.auth_user (
    id integer NOT NULL,
    password character varying(128) NOT NULL,
    last_login timestamp with time zone,
    is_superuser boolean NOT NULL,
    username character varying(150) NOT NULL,
    first_name character varying(150) NOT NULL,
    last_name character varying(150) NOT NULL,
    email character varying(254) NOT NULL,
    is_staff boolean NOT NULL,
    is_active boolean NOT NULL,
    date_joined timestamp with time zone NOT NULL
);


ALTER TABLE public.auth_user OWNER TO poultry_farm_db_user;

--
-- Name: auth_user_groups; Type: TABLE; Schema: public; Owner: poultry_farm_db_user
--

CREATE TABLE public.auth_user_groups (
    id bigint NOT NULL,
    user_id integer NOT NULL,
    group_id integer NOT NULL
);


ALTER TABLE public.auth_user_groups OWNER TO poultry_farm_db_user;

--
-- Name: auth_user_groups_id_seq; Type: SEQUENCE; Schema: public; Owner: poultry_farm_db_user
--

ALTER TABLE public.auth_user_groups ALTER COLUMN id ADD GENERATED BY DEFAULT AS IDENTITY (
    SEQUENCE NAME public.auth_user_groups_id_seq
    START WITH 1
    INCREMENT BY 1
    NO MINVALUE
    NO MAXVALUE
    CACHE 1
);


--
-- Name: auth_user_id_seq; Type: SEQUENCE; Schema: public; Owner: poultry_farm_db_user
--

ALTER TABLE public.auth_user ALTER COLUMN id ADD GENERATED BY DEFAULT AS IDENTITY (
    SEQUENCE NAME public.auth_user_id_seq
    START WITH 1
    INCREMENT BY 1
    NO MINVALUE
    NO MAXVALUE
    CACHE 1
);


--
-- Name: auth_user_user_permissions; Type: TABLE; Schema: public; Owner: poultry_farm_db_user
--

CREATE TABLE public.auth_user_user_permissions (
    id bigint NOT NULL,
    user_id integer NOT NULL,
    permission_id integer NOT NULL
);


ALTER TABLE public.auth_user_user_permissions OWNER TO poultry_farm_db_user;

--
-- Name: auth_user_user_permissions_id_seq; Type: SEQUENCE; Schema: public; Owner: poultry_farm_db_user
--

ALTER TABLE public.auth_user_user_permissions ALTER COLUMN id ADD GENERATED BY DEFAULT AS IDENTITY (
    SEQUENCE NAME public.auth_user_user_permissions_id_seq
    START WITH 1
    INCREMENT BY 1
    NO MINVALUE
    NO MAXVALUE
    CACHE 1
);


--
-- Name: authtoken_token; Type: TABLE; Schema: public; Owner: poultry_farm_db_user
--

CREATE TABLE public.authtoken_token (
    key character varying(40) NOT NULL,
    created timestamp with time zone NOT NULL,
    user_id integer NOT NULL
);


ALTER TABLE public.authtoken_token OWNER TO poultry_farm_db_user;

--
-- Name: core_auditlog; Type: TABLE; Schema: public; Owner: poultry_farm_db_user
--

CREATE TABLE public.core_auditlog (
    id bigint NOT NULL,
    action character varying(20) NOT NULL,
    model character varying(100) NOT NULL,
    record_id integer NOT NULL,
    "timestamp" timestamp with time zone NOT NULL,
    details jsonb NOT NULL,
    ip_address inet,
    user_id integer
);


ALTER TABLE public.core_auditlog OWNER TO poultry_farm_db_user;

--
-- Name: core_auditlog_id_seq; Type: SEQUENCE; Schema: public; Owner: poultry_farm_db_user
--

ALTER TABLE public.core_auditlog ALTER COLUMN id ADD GENERATED BY DEFAULT AS IDENTITY (
    SEQUENCE NAME public.core_auditlog_id_seq
    START WITH 1
    INCREMENT BY 1
    NO MINVALUE
    NO MAXVALUE
    CACHE 1
);


--
-- Name: customers_wholesalecustomer; Type: TABLE; Schema: public; Owner: poultry_farm_db_user
--

CREATE TABLE public.customers_wholesalecustomer (
    id bigint NOT NULL,
    name character varying(200) NOT NULL,
    contact_person character varying(100) NOT NULL,
    phone character varying(20) NOT NULL,
    email character varying(254) NOT NULL,
    address text NOT NULL,
    is_active boolean NOT NULL,
    created_at timestamp with time zone NOT NULL,
    updated_at timestamp with time zone NOT NULL
);


ALTER TABLE public.customers_wholesalecustomer OWNER TO poultry_farm_db_user;

--
-- Name: customers_wholesalecustomer_id_seq; Type: SEQUENCE; Schema: public; Owner: poultry_farm_db_user
--

ALTER TABLE public.customers_wholesalecustomer ALTER COLUMN id ADD GENERATED BY DEFAULT AS IDENTITY (
    SEQUENCE NAME public.customers_wholesalecustomer_id_seq
    START WITH 1
    INCREMENT BY 1
    NO MINVALUE
    NO MAXVALUE
    CACHE 1
);


--
-- Name: django_admin_log; Type: TABLE; Schema: public; Owner: poultry_farm_db_user
--

CREATE TABLE public.django_admin_log (
    id integer NOT NULL,
    action_time timestamp with time zone NOT NULL,
    object_id text,
    object_repr character varying(200) NOT NULL,
    action_flag smallint NOT NULL,
    change_message text NOT NULL,
    content_type_id integer,
    user_id integer NOT NULL,
    CONSTRAINT django_admin_log_action_flag_check CHECK ((action_flag >= 0))
);


ALTER TABLE public.django_admin_log OWNER TO poultry_farm_db_user;

--
-- Name: django_admin_log_id_seq; Type: SEQUENCE; Schema: public; Owner: poultry_farm_db_user
--

ALTER TABLE public.django_admin_log ALTER COLUMN id ADD GENERATED BY DEFAULT AS IDENTITY (
    SEQUENCE NAME public.django_admin_log_id_seq
    START WITH 1
    INCREMENT BY 1
    NO MINVALUE
    NO MAXVALUE
    CACHE 1
);


--
-- Name: django_content_type; Type: TABLE; Schema: public; Owner: poultry_farm_db_user
--

CREATE TABLE public.django_content_type (
    id integer NOT NULL,
    app_label character varying(100) NOT NULL,
    model character varying(100) NOT NULL
);


ALTER TABLE public.django_content_type OWNER TO poultry_farm_db_user;

--
-- Name: django_content_type_id_seq; Type: SEQUENCE; Schema: public; Owner: poultry_farm_db_user
--

ALTER TABLE public.django_content_type ALTER COLUMN id ADD GENERATED BY DEFAULT AS IDENTITY (
    SEQUENCE NAME public.django_content_type_id_seq
    START WITH 1
    INCREMENT BY 1
    NO MINVALUE
    NO MAXVALUE
    CACHE 1
);


--
-- Name: django_migrations; Type: TABLE; Schema: public; Owner: poultry_farm_db_user
--

CREATE TABLE public.django_migrations (
    id bigint NOT NULL,
    app character varying(255) NOT NULL,
    name character varying(255) NOT NULL,
    applied timestamp with time zone NOT NULL
);


ALTER TABLE public.django_migrations OWNER TO poultry_farm_db_user;

--
-- Name: django_migrations_id_seq; Type: SEQUENCE; Schema: public; Owner: poultry_farm_db_user
--

ALTER TABLE public.django_migrations ALTER COLUMN id ADD GENERATED BY DEFAULT AS IDENTITY (
    SEQUENCE NAME public.django_migrations_id_seq
    START WITH 1
    INCREMENT BY 1
    NO MINVALUE
    NO MAXVALUE
    CACHE 1
);


--
-- Name: django_session; Type: TABLE; Schema: public; Owner: poultry_farm_db_user
--

CREATE TABLE public.django_session (
    session_key character varying(40) NOT NULL,
    session_data text NOT NULL,
    expire_date timestamp with time zone NOT NULL
);


ALTER TABLE public.django_session OWNER TO poultry_farm_db_user;

--
-- Name: expenses_expense; Type: TABLE; Schema: public; Owner: poultry_farm_db_user
--

CREATE TABLE public.expenses_expense (
    id bigint NOT NULL,
    date date NOT NULL,
    description character varying(500) NOT NULL,
    amount numeric(12,2) NOT NULL,
    payment_method character varying(20) NOT NULL,
    receipt_file character varying(100),
    is_recurring boolean NOT NULL,
    recurrence_pattern character varying(20),
    recurrence_end_date date,
    notes text NOT NULL,
    created_at timestamp with time zone NOT NULL,
    updated_at timestamp with time zone NOT NULL,
    created_by_id integer,
    category_id bigint NOT NULL
);


ALTER TABLE public.expenses_expense OWNER TO poultry_farm_db_user;

--
-- Name: expenses_expense_id_seq; Type: SEQUENCE; Schema: public; Owner: poultry_farm_db_user
--

ALTER TABLE public.expenses_expense ALTER COLUMN id ADD GENERATED BY DEFAULT AS IDENTITY (
    SEQUENCE NAME public.expenses_expense_id_seq
    START WITH 1
    INCREMENT BY 1
    NO MINVALUE
    NO MAXVALUE
    CACHE 1
);


--
-- Name: expenses_expensecategory; Type: TABLE; Schema: public; Owner: poultry_farm_db_user
--

CREATE TABLE public.expenses_expensecategory (
    id bigint NOT NULL,
    name character varying(100) NOT NULL,
    description text NOT NULL,
    is_active boolean NOT NULL,
    "order" integer NOT NULL,
    created_at timestamp with time zone NOT NULL,
    updated_at timestamp with time zone NOT NULL
);


ALTER TABLE public.expenses_expensecategory OWNER TO poultry_farm_db_user;

--
-- Name: expenses_expensecategory_id_seq; Type: SEQUENCE; Schema: public; Owner: poultry_farm_db_user
--

ALTER TABLE public.expenses_expensecategory ALTER COLUMN id ADD GENERATED BY DEFAULT AS IDENTITY (
    SEQUENCE NAME public.expenses_expensecategory_id_seq
    START WITH 1
    INCREMENT BY 1
    NO MINVALUE
    NO MAXVALUE
    CACHE 1
);


--
-- Name: flock_eggproductionlog; Type: TABLE; Schema: public; Owner: poultry_farm_db_user
--

CREATE TABLE public.flock_eggproductionlog (
    id bigint NOT NULL,
    recorded_date date NOT NULL,
    broken_crates numeric(8,2) NOT NULL,
    small_crates numeric(8,2) NOT NULL,
    medium_crates numeric(8,2) NOT NULL,
    big_crates numeric(8,2) NOT NULL,
    notes text NOT NULL,
    created_at timestamp with time zone NOT NULL,
    updated_at timestamp with time zone NOT NULL,
    flock_id bigint NOT NULL
);


ALTER TABLE public.flock_eggproductionlog OWNER TO poultry_farm_db_user;

--
-- Name: flock_eggproductionlog_id_seq; Type: SEQUENCE; Schema: public; Owner: poultry_farm_db_user
--

ALTER TABLE public.flock_eggproductionlog ALTER COLUMN id ADD GENERATED BY DEFAULT AS IDENTITY (
    SEQUENCE NAME public.flock_eggproductionlog_id_seq
    START WITH 1
    INCREMENT BY 1
    NO MINVALUE
    NO MAXVALUE
    CACHE 1
);


--
-- Name: flock_flock; Type: TABLE; Schema: public; Owner: poultry_farm_db_user
--

CREATE TABLE public.flock_flock (
    id bigint NOT NULL,
    name character varying(100) NOT NULL,
    breed character varying(100) NOT NULL,
    date_acquired date NOT NULL,
    initial_count integer NOT NULL,
    current_count integer NOT NULL,
    status character varying(20) NOT NULL,
    notes text NOT NULL,
    created_at timestamp with time zone NOT NULL,
    updated_at timestamp with time zone NOT NULL,
    CONSTRAINT flock_flock_current_count_check CHECK ((current_count >= 0)),
    CONSTRAINT flock_flock_initial_count_check CHECK ((initial_count >= 0))
);


ALTER TABLE public.flock_flock OWNER TO poultry_farm_db_user;

--
-- Name: flock_flock_id_seq; Type: SEQUENCE; Schema: public; Owner: poultry_farm_db_user
--

ALTER TABLE public.flock_flock ALTER COLUMN id ADD GENERATED BY DEFAULT AS IDENTITY (
    SEQUENCE NAME public.flock_flock_id_seq
    START WITH 1
    INCREMENT BY 1
    NO MINVALUE
    NO MAXVALUE
    CACHE 1
);


--
-- Name: flock_flockevent; Type: TABLE; Schema: public; Owner: poultry_farm_db_user
--

CREATE TABLE public.flock_flockevent (
    id bigint NOT NULL,
    event_type character varying(20) NOT NULL,
    quantity integer NOT NULL,
    event_date date NOT NULL,
    notes text NOT NULL,
    created_at timestamp with time zone NOT NULL,
    flock_id bigint NOT NULL,
    CONSTRAINT flock_flockevent_quantity_check CHECK ((quantity >= 0))
);


ALTER TABLE public.flock_flockevent OWNER TO poultry_farm_db_user;

--
-- Name: flock_flockevent_id_seq; Type: SEQUENCE; Schema: public; Owner: poultry_farm_db_user
--

ALTER TABLE public.flock_flockevent ALTER COLUMN id ADD GENERATED BY DEFAULT AS IDENTITY (
    SEQUENCE NAME public.flock_flockevent_id_seq
    START WITH 1
    INCREMENT BY 1
    NO MINVALUE
    NO MAXVALUE
    CACHE 1
);


--
-- Name: inventory_eggtype; Type: TABLE; Schema: public; Owner: poultry_farm_db_user
--

CREATE TABLE public.inventory_eggtype (
    id bigint NOT NULL,
    name character varying(50) NOT NULL,
    description text NOT NULL,
    is_active boolean NOT NULL,
    "order" integer NOT NULL,
    created_at timestamp with time zone NOT NULL,
    updated_at timestamp with time zone NOT NULL
);


ALTER TABLE public.inventory_eggtype OWNER TO poultry_farm_db_user;

--
-- Name: inventory_eggtype_id_seq; Type: SEQUENCE; Schema: public; Owner: poultry_farm_db_user
--

ALTER TABLE public.inventory_eggtype ALTER COLUMN id ADD GENERATED BY DEFAULT AS IDENTITY (
    SEQUENCE NAME public.inventory_eggtype_id_seq
    START WITH 1
    INCREMENT BY 1
    NO MINVALUE
    NO MAXVALUE
    CACHE 1
);


--
-- Name: inventory_intakelog; Type: TABLE; Schema: public; Owner: poultry_farm_db_user
--

CREATE TABLE public.inventory_intakelog (
    id bigint NOT NULL,
    recorded_date date NOT NULL,
    broken_crates integer NOT NULL,
    small_crates integer NOT NULL,
    medium_crates integer NOT NULL,
    big_crates integer NOT NULL,
    notes text NOT NULL,
    created_at timestamp with time zone NOT NULL,
    updated_at timestamp with time zone NOT NULL,
    created_by_id integer
);


ALTER TABLE public.inventory_intakelog OWNER TO poultry_farm_db_user;

--
-- Name: inventory_intakelog_id_seq; Type: SEQUENCE; Schema: public; Owner: poultry_farm_db_user
--

ALTER TABLE public.inventory_intakelog ALTER COLUMN id ADD GENERATED BY DEFAULT AS IDENTITY (
    SEQUENCE NAME public.inventory_intakelog_id_seq
    START WITH 1
    INCREMENT BY 1
    NO MINVALUE
    NO MAXVALUE
    CACHE 1
);


--
-- Name: inventory_pricetier; Type: TABLE; Schema: public; Owner: poultry_farm_db_user
--

CREATE TABLE public.inventory_pricetier (
    id bigint NOT NULL,
    tier character varying(20) NOT NULL,
    price_per_crate numeric(10,2) NOT NULL,
    effective_date date NOT NULL,
    is_active boolean NOT NULL,
    created_at timestamp with time zone NOT NULL,
    egg_type_id bigint NOT NULL
);


ALTER TABLE public.inventory_pricetier OWNER TO poultry_farm_db_user;

--
-- Name: inventory_pricetier_id_seq; Type: SEQUENCE; Schema: public; Owner: poultry_farm_db_user
--

ALTER TABLE public.inventory_pricetier ALTER COLUMN id ADD GENERATED BY DEFAULT AS IDENTITY (
    SEQUENCE NAME public.inventory_pricetier_id_seq
    START WITH 1
    INCREMENT BY 1
    NO MINVALUE
    NO MAXVALUE
    CACHE 1
);


--
-- Name: knox_authtoken; Type: TABLE; Schema: public; Owner: poultry_farm_db_user
--

CREATE TABLE public.knox_authtoken (
    digest character varying(128) NOT NULL,
    created timestamp with time zone NOT NULL,
    user_id integer NOT NULL,
    expiry timestamp with time zone,
    token_key character varying(25) NOT NULL
);


ALTER TABLE public.knox_authtoken OWNER TO poultry_farm_db_user;

--
-- Name: sales_sale; Type: TABLE; Schema: public; Owner: poultry_farm_db_user
--

CREATE TABLE public.sales_sale (
    id bigint NOT NULL,
    sale_type character varying(20) NOT NULL,
    sale_datetime timestamp with time zone NOT NULL,
    total_amount numeric(12,2) NOT NULL,
    notes text NOT NULL,
    created_at timestamp with time zone NOT NULL,
    updated_at timestamp with time zone NOT NULL,
    created_by_id integer,
    customer_id bigint
);


ALTER TABLE public.sales_sale OWNER TO poultry_farm_db_user;

--
-- Name: sales_sale_id_seq; Type: SEQUENCE; Schema: public; Owner: poultry_farm_db_user
--

ALTER TABLE public.sales_sale ALTER COLUMN id ADD GENERATED BY DEFAULT AS IDENTITY (
    SEQUENCE NAME public.sales_sale_id_seq
    START WITH 1
    INCREMENT BY 1
    NO MINVALUE
    NO MAXVALUE
    CACHE 1
);


--
-- Name: sales_saleitem; Type: TABLE; Schema: public; Owner: poultry_farm_db_user
--

CREATE TABLE public.sales_saleitem (
    id bigint NOT NULL,
    quantity integer NOT NULL,
    price_per_crate numeric(10,2),
    line_total numeric(12,2) NOT NULL,
    egg_type_id bigint NOT NULL,
    sale_id bigint NOT NULL
);


ALTER TABLE public.sales_saleitem OWNER TO poultry_farm_db_user;

--
-- Name: sales_saleitem_id_seq; Type: SEQUENCE; Schema: public; Owner: poultry_farm_db_user
--

ALTER TABLE public.sales_saleitem ALTER COLUMN id ADD GENERATED BY DEFAULT AS IDENTITY (
    SEQUENCE NAME public.sales_saleitem_id_seq
    START WITH 1
    INCREMENT BY 1
    NO MINVALUE
    NO MAXVALUE
    CACHE 1
);


--
-- Data for Name: auth_group; Type: TABLE DATA; Schema: public; Owner: poultry_farm_db_user
--

COPY public.auth_group (id, name) FROM stdin;
\.


--
-- Data for Name: auth_group_permissions; Type: TABLE DATA; Schema: public; Owner: poultry_farm_db_user
--

COPY public.auth_group_permissions (id, group_id, permission_id) FROM stdin;
\.


--
-- Data for Name: auth_permission; Type: TABLE DATA; Schema: public; Owner: poultry_farm_db_user
--

COPY public.auth_permission (id, name, content_type_id, codename) FROM stdin;
1	Can add log entry	1	add_logentry
2	Can change log entry	1	change_logentry
3	Can delete log entry	1	delete_logentry
4	Can view log entry	1	view_logentry
5	Can add permission	2	add_permission
6	Can change permission	2	change_permission
7	Can delete permission	2	delete_permission
8	Can view permission	2	view_permission
9	Can add group	3	add_group
10	Can change group	3	change_group
11	Can delete group	3	delete_group
12	Can view group	3	view_group
13	Can add user	4	add_user
14	Can change user	4	change_user
15	Can delete user	4	delete_user
16	Can view user	4	view_user
17	Can add content type	5	add_contenttype
18	Can change content type	5	change_contenttype
19	Can delete content type	5	delete_contenttype
20	Can view content type	5	view_contenttype
21	Can add session	6	add_session
22	Can change session	6	change_session
23	Can delete session	6	delete_session
24	Can view session	6	view_session
25	Can add Audit Log	7	add_auditlog
26	Can change Audit Log	7	change_auditlog
27	Can delete Audit Log	7	delete_auditlog
28	Can view Audit Log	7	view_auditlog
29	Can add Egg Type	8	add_eggtype
30	Can change Egg Type	8	change_eggtype
31	Can delete Egg Type	8	delete_eggtype
32	Can view Egg Type	8	view_eggtype
33	Can add Intake Log	9	add_intakelog
34	Can change Intake Log	9	change_intakelog
35	Can delete Intake Log	9	delete_intakelog
36	Can view Intake Log	9	view_intakelog
37	Can add Price Tier	10	add_pricetier
38	Can change Price Tier	10	change_pricetier
39	Can delete Price Tier	10	delete_pricetier
40	Can view Price Tier	10	view_pricetier
41	Can add Sale	11	add_sale
42	Can change Sale	11	change_sale
43	Can delete Sale	11	delete_sale
44	Can view Sale	11	view_sale
45	Can add Expense Category	12	add_expensecategory
46	Can change Expense Category	12	change_expensecategory
47	Can delete Expense Category	12	delete_expensecategory
48	Can view Expense Category	12	view_expensecategory
49	Can add Expense	13	add_expense
50	Can change Expense	13	change_expense
51	Can delete Expense	13	delete_expense
52	Can view Expense	13	view_expense
53	Can add Wholesale Customer	14	add_wholesalecustomer
54	Can change Wholesale Customer	14	change_wholesalecustomer
55	Can delete Wholesale Customer	14	delete_wholesalecustomer
56	Can view Wholesale Customer	14	view_wholesalecustomer
57	Can add Customer Price Override	15	add_customerpriceoverride
58	Can change Customer Price Override	15	change_customerpriceoverride
59	Can delete Customer Price Override	15	delete_customerpriceoverride
60	Can view Customer Price Override	15	view_customerpriceoverride
61	Can add Token	16	add_token
62	Can change Token	16	change_token
63	Can delete Token	16	delete_token
64	Can view Token	16	view_token
65	Can add Token	17	add_tokenproxy
66	Can change Token	17	change_tokenproxy
67	Can delete Token	17	delete_tokenproxy
68	Can view Token	17	view_tokenproxy
69	Can add Sale Item	18	add_saleitem
70	Can change Sale Item	18	change_saleitem
71	Can delete Sale Item	18	delete_saleitem
72	Can view Sale Item	18	view_saleitem
73	Can add auth token	19	add_authtoken
74	Can change auth token	19	change_authtoken
75	Can delete auth token	19	delete_authtoken
76	Can view auth token	19	view_authtoken
77	Can add flock	20	add_flock
78	Can change flock	20	change_flock
79	Can delete flock	20	delete_flock
80	Can view flock	20	view_flock
81	Can add egg production log	21	add_eggproductionlog
82	Can change egg production log	21	change_eggproductionlog
83	Can delete egg production log	21	delete_eggproductionlog
84	Can view egg production log	21	view_eggproductionlog
85	Can add flock event	22	add_flockevent
86	Can change flock event	22	change_flockevent
87	Can delete flock event	22	delete_flockevent
88	Can view flock event	22	view_flockevent
\.


--
-- Data for Name: auth_user; Type: TABLE DATA; Schema: public; Owner: poultry_farm_db_user
--

COPY public.auth_user (id, password, last_login, is_superuser, username, first_name, last_name, email, is_staff, is_active, date_joined) FROM stdin;
1	pbkdf2_sha256$1000000$52l8yqVNN2xI68zlaMZUD8$f3F21dIpk6KuExM39K4ISqdK8cCP/aj3dkjpy25/9Jo=	2026-03-26 12:10:20.516182+00	t	admin			admin@example.com	t	t	2026-02-22 19:16:45.965584+00
\.


--
-- Data for Name: auth_user_groups; Type: TABLE DATA; Schema: public; Owner: poultry_farm_db_user
--

COPY public.auth_user_groups (id, user_id, group_id) FROM stdin;
\.


--
-- Data for Name: auth_user_user_permissions; Type: TABLE DATA; Schema: public; Owner: poultry_farm_db_user
--

COPY public.auth_user_user_permissions (id, user_id, permission_id) FROM stdin;
\.


--
-- Data for Name: authtoken_token; Type: TABLE DATA; Schema: public; Owner: poultry_farm_db_user
--

COPY public.authtoken_token (key, created, user_id) FROM stdin;
bb203f1cf8215eed7272551e349a71b331607945	2026-02-22 21:21:34.3723+00	1
\.


--
-- Data for Name: core_auditlog; Type: TABLE DATA; Schema: public; Owner: poultry_farm_db_user
--

COPY public.core_auditlog (id, action, model, record_id, "timestamp", details, ip_address, user_id) FROM stdin;
\.


--
-- Data for Name: customers_wholesalecustomer; Type: TABLE DATA; Schema: public; Owner: poultry_farm_db_user
--

COPY public.customers_wholesalecustomer (id, name, contact_person, phone, email, address, is_active, created_at, updated_at) FROM stdin;
1	Emmanuel Kwabena Asamoah Oduro-Opong	Iobby	0507774135	emmawww.g@gmail.com		t	2026-02-26 10:20:21.532369+00	2026-02-26 10:20:21.532388+00
2	Awurama		0558183537		Koforidua	t	2026-03-11 09:29:32.949959+00	2026-03-11 09:29:32.949973+00
3	Dorcas		0550379354		Tafo	t	2026-03-11 09:30:04.759747+00	2026-03-11 09:30:04.759766+00
4	Zainab					t	2026-03-11 10:40:35.05886+00	2026-03-11 10:40:44.473253+00
5	Alorgba					t	2026-03-12 07:53:45.610389+00	2026-03-12 07:53:45.610402+00
6	Ama Shatta		0540734454			t	2026-03-15 23:12:18.894627+00	2026-03-15 23:12:37.948546+00
7	Aunt Esi					t	2026-03-15 23:13:36.450971+00	2026-03-15 23:13:36.450984+00
8	Aku Narh					t	2026-03-15 23:18:02.507643+00	2026-03-15 23:18:02.507659+00
\.


--
-- Data for Name: django_admin_log; Type: TABLE DATA; Schema: public; Owner: poultry_farm_db_user
--

COPY public.django_admin_log (id, action_time, object_id, object_repr, action_flag, change_message, content_type_id, user_id) FROM stdin;
1	2026-02-22 20:23:01.7695+00	1	Broken	1	[{"added": {}}]	8	1
2	2026-02-22 21:14:00.516328+00	2	Small	1	[{"added": {}}]	8	1
3	2026-02-22 21:14:20.811398+00	3	Medium	1	[{"added": {}}]	8	1
4	2026-02-22 21:14:45.479359+00	4	Big	1	[{"added": {}}]	8	1
5	2026-02-22 21:15:15.612136+00	1	Retail (Single Sales) - Broken: ₵25	1	[{"added": {}}]	10	1
6	2026-02-22 21:15:31.820674+00	2	Retail (Single Sales) - Small: ₵40	1	[{"added": {}}]	10	1
7	2026-02-22 21:15:44.216746+00	3	Retail (Single Sales) - Medium: ₵50	1	[{"added": {}}]	10	1
8	2026-02-22 21:15:53.922573+00	4	Retail (Single Sales) - Big: ₵60	1	[{"added": {}}]	10	1
9	2026-02-22 21:16:09.797585+00	5	Base Wholesale - Broken: ₵25	1	[{"added": {}}]	10	1
10	2026-02-22 21:16:25.096919+00	6	Base Wholesale - Small: ₵35	1	[{"added": {}}]	10	1
11	2026-02-22 21:16:37.654374+00	7	Base Wholesale - Medium: ₵45	1	[{"added": {}}]	10	1
12	2026-02-22 21:16:49.654642+00	8	Base Wholesale - Big: ₵55	1	[{"added": {}}]	10	1
13	2026-02-22 21:17:57.157404+00	1	Feed\tChicken feed costs	1	[{"added": {}}]	12	1
14	2026-02-22 21:18:24.921988+00	2	Labor	1	[{"added": {}}]	12	1
15	2026-02-22 21:18:33.80965+00	1	Feed	2	[{"changed": {"fields": ["Name"]}}]	12	1
16	2026-02-22 21:18:59.301607+00	3	Utilities	1	[{"added": {}}]	12	1
17	2026-02-22 21:19:22.907475+00	4	Maintenance	1	[{"added": {}}]	12	1
18	2026-02-22 21:19:49.215542+00	5	Veterinary	1	[{"added": {}}]	12	1
19	2026-02-22 21:20:23.925402+00	6	Packaging(crates)	1	[{"added": {}}]	12	1
20	2026-02-22 21:20:58.262929+00	7	Miscellaneous	1	[{"added": {}}]	12	1
21	2026-02-22 21:27:43.860842+00	1	Intake 2026-02-22	1	[{"added": {}}]	9	1
22	2026-02-26 10:20:21.53723+00	1	Emmanuel Kwabena Asamoah Oduro-Opong	1	[{"added": {}}]	14	1
23	2026-03-03 09:52:20.090887+00	1	Intake 2026-02-22	3		9	1
24	2026-03-03 09:54:36.159658+00	3	Intake 2026-03-01	1	[{"added": {}}]	9	1
25	2026-03-03 10:05:46.640331+00	3	Intake 2026-03-01	2	[{"changed": {"fields": ["Medium crates"]}}]	9	1
26	2026-03-03 10:11:34.243123+00	3	Intake 2026-03-01	2	[{"changed": {"fields": ["Small crates"]}}]	9	1
27	2026-03-07 01:43:00.199051+00	7	Retail (Single Sales) on 2026-03-06 - ₵600.00	3		11	1
28	2026-03-07 01:43:00.199126+00	6	Retail (Single Sales) on 2026-03-04 - ₵800.00	3		11	1
29	2026-03-07 01:43:00.199161+00	5	Retail (Single Sales) on 2026-03-04 - ₵950.00	3		11	1
30	2026-03-07 01:43:00.199188+00	4	Retail (Single Sales) on 2026-03-03 - ₵1410.00	3		11	1
31	2026-03-07 01:43:19.179053+00	5	Intake 2026-03-04	3		9	1
32	2026-03-07 01:43:19.179112+00	4	Intake 2026-03-03	3		9	1
33	2026-03-07 01:43:19.179135+00	2	Intake 2026-03-02	3		9	1
34	2026-03-07 01:43:19.179156+00	3	Intake 2026-03-01	3		9	1
35	2026-03-07 01:44:27.252642+00	1	Feed - ₵800.00 on 2026-02-22	3		13	1
36	2026-03-07 02:28:48.085328+00	6	Intake 2026-03-05	2	[{"changed": {"fields": ["Recorded date"]}}]	9	1
37	2026-03-11 10:29:27.776899+00	8	Retail (Single Sales) on 2026-03-07 - ₵790.00	3		11	1
38	2026-03-12 07:41:59.974676+00	11	Wholesale on 2026-03-10 to Dorcas - ₵1980.00	2	[{"changed": {"fields": ["Sale datetime"]}}]	11	1
39	2026-03-12 07:42:27.361228+00	9	Wholesale on 2026-03-10 to Awurama - ₵950.00	2	[{"changed": {"fields": ["Sale datetime"]}}]	11	1
40	2026-03-15 13:16:43.89364+00	18	Wholesale on 2026-03-14 to Dorcas - ₵1425.00	2	[{"changed": {"fields": ["Sale datetime"]}}]	11	1
\.


--
-- Data for Name: django_content_type; Type: TABLE DATA; Schema: public; Owner: poultry_farm_db_user
--

COPY public.django_content_type (id, app_label, model) FROM stdin;
1	admin	logentry
2	auth	permission
3	auth	group
4	auth	user
5	contenttypes	contenttype
6	sessions	session
7	core	auditlog
8	inventory	eggtype
9	inventory	intakelog
10	inventory	pricetier
11	sales	sale
12	expenses	expensecategory
13	expenses	expense
14	customers	wholesalecustomer
15	customers	customerpriceoverride
16	authtoken	token
17	authtoken	tokenproxy
18	sales	saleitem
19	knox	authtoken
20	flock	flock
21	flock	eggproductionlog
22	flock	flockevent
\.


--
-- Data for Name: django_migrations; Type: TABLE DATA; Schema: public; Owner: poultry_farm_db_user
--

COPY public.django_migrations (id, app, name, applied) FROM stdin;
1	contenttypes	0001_initial	2026-02-20 21:37:49.626458+00
2	auth	0001_initial	2026-02-20 21:37:49.82509+00
3	admin	0001_initial	2026-02-20 21:37:49.917595+00
4	admin	0002_logentry_remove_auto_add	2026-02-20 21:37:49.924393+00
5	admin	0003_logentry_add_action_flag_choices	2026-02-20 21:37:49.931363+00
6	contenttypes	0002_remove_content_type_name	2026-02-20 21:37:49.970405+00
7	auth	0002_alter_permission_name_max_length	2026-02-20 21:37:49.980916+00
8	auth	0003_alter_user_email_max_length	2026-02-20 21:37:50.066988+00
9	auth	0004_alter_user_username_opts	2026-02-20 21:37:50.076039+00
10	auth	0005_alter_user_last_login_null	2026-02-20 21:37:50.165441+00
11	auth	0006_require_contenttypes_0002	2026-02-20 21:37:50.167796+00
12	auth	0007_alter_validators_add_error_messages	2026-02-20 21:37:50.17467+00
13	auth	0008_alter_user_username_max_length	2026-02-20 21:37:50.184725+00
14	auth	0009_alter_user_last_name_max_length	2026-02-20 21:37:50.268719+00
15	auth	0010_alter_group_name_max_length	2026-02-20 21:37:50.277542+00
16	auth	0011_update_proxy_permissions	2026-02-20 21:37:50.284933+00
17	auth	0012_alter_user_first_name_max_length	2026-02-20 21:37:50.376129+00
18	core	0001_initial	2026-02-20 21:37:50.477731+00
19	inventory	0001_initial	2026-02-20 21:37:50.598425+00
20	customers	0001_initial	2026-02-20 21:37:50.619007+00
21	expenses	0001_initial	2026-02-20 21:37:50.723024+00
22	sales	0001_initial	2026-02-20 21:37:50.81562+00
23	sessions	0001_initial	2026-02-20 21:37:50.823433+00
24	authtoken	0001_initial	2026-02-22 19:16:39.060144+00
25	authtoken	0002_auto_20160226_1747	2026-02-22 19:16:39.243321+00
26	authtoken	0003_tokenproxy	2026-02-22 19:16:39.24973+00
27	authtoken	0004_alter_tokenproxy_options	2026-02-22 19:16:39.341082+00
28	customers	0002_delete_customerpriceoverride	2026-02-27 14:14:48.541222+00
29	sales	0002_remove_sale_big_quantity_remove_sale_broken_quantity_and_more	2026-02-27 14:14:49.057601+00
30	knox	0001_initial	2026-03-26 10:05:13.476662+00
31	knox	0002_auto_20150916_1425	2026-03-26 10:05:13.486135+00
32	knox	0003_auto_20150916_1526	2026-03-26 10:05:13.492985+00
33	knox	0004_authtoken_expires	2026-03-26 10:05:13.497679+00
34	knox	0005_authtoken_token_key	2026-03-26 10:05:13.502172+00
35	knox	0006_auto_20160818_0932	2026-03-26 10:05:13.511939+00
36	knox	0007_auto_20190111_0542	2026-03-26 10:05:13.516047+00
37	knox	0008_remove_authtoken_salt	2026-03-26 10:05:13.520547+00
38	knox	0009_extend_authtoken_field	2026-03-26 10:05:13.525292+00
39	flock	0001_initial	2026-03-26 11:07:35.773792+00
\.


--
-- Data for Name: django_session; Type: TABLE DATA; Schema: public; Owner: poultry_farm_db_user
--

COPY public.django_session (session_key, session_data, expire_date) FROM stdin;
nhxn6ol29vdnptgr2rw01o0q9wtaqm0y	.eJxVjDsOwjAQBe_iGlk4_q0p6XMGa727xgGUSPlUiLtDpBTQvpl5L5VxW1veFpnzwOqijDr9bgXpIeMO-I7jbdI0jes8FL0r-qCL7ieW5_Vw_w4aLu1bQxQG54iSkRrJRCzWg_fOni10trNsvAGqMaUACFyT1OChBOqwIIt6fwDSsjfy:1vuEye:2-h-BeP-zm09nOvp9hzpC05hiuLvi4VewxZhhpyfnSg	2026-03-08 19:18:48.454105+00
0rkg40xz55nbn9038lj6c3dsxm35i95g	.eJxVjDsOwjAQBe_iGlk4_q0p6XMGa727xgGUSPlUiLtDpBTQvpl5L5VxW1veFpnzwOqijDr9bgXpIeMO-I7jbdI0jes8FL0r-qCL7ieW5_Vw_w4aLu1bQxQG54iSkRrJRCzWg_fOni10trNsvAGqMaUACFyT1OChBOqwIIt6fwDSsjfy:1vuFt6:NlSq620ElIrILUj3q_RKnYIszKE7uJYAsokeU23r6Mg	2026-03-08 20:17:08.160713+00
bg8xax4x40rxodp658pjavpfjgp9xbm4	.eJxVjDsOwjAQBe_iGlk4_q0p6XMGa727xgGUSPlUiLtDpBTQvpl5L5VxW1veFpnzwOqijDr9bgXpIeMO-I7jbdI0jes8FL0r-qCL7ieW5_Vw_w4aLu1bQxQG54iSkRrJRCzWg_fOni10trNsvAGqMaUACFyT1OChBOqwIIt6fwDSsjfy:1vuFt7:CiB42ODYMuYwVX-r0dsqznW3yRonnATDj9oIXZgfnBQ	2026-03-08 20:17:09.267636+00
nvsq2596ekcr53c7nvv4elr2vi0jmb33	.eJxVjDsOwjAQBe_iGlk4_q0p6XMGa727xgGUSPlUiLtDpBTQvpl5L5VxW1veFpnzwOqijDr9bgXpIeMO-I7jbdI0jes8FL0r-qCL7ieW5_Vw_w4aLu1bQxQG54iSkRrJRCzWg_fOni10trNsvAGqMaUACFyT1OChBOqwIIt6fwDSsjfy:1vuFt9:IedYIaq_Ek06dnT6iyrEV_QhSle0NQTnvbQBEh1SEnM	2026-03-08 20:17:11.375462+00
t4c0j5410av4r280pz4w791h7nan4jzz	.eJxVjDsOwjAQBe_iGlk4_q0p6XMGa727xgGUSPlUiLtDpBTQvpl5L5VxW1veFpnzwOqijDr9bgXpIeMO-I7jbdI0jes8FL0r-qCL7ieW5_Vw_w4aLu1bQxQG54iSkRrJRCzWg_fOni10trNsvAGqMaUACFyT1OChBOqwIIt6fwDSsjfy:1vvylf:t_3kns1ifSMFBdA1HCk4TDkXu2A6Be3DkaVNAHVT3SM	2026-03-13 14:24:35.927623+00
bemr628f4nt5zlbmom0ggdva24h8t2w0	.eJxVjDsOwjAQBe_iGlk4_q0p6XMGa727xgGUSPlUiLtDpBTQvpl5L5VxW1veFpnzwOqijDr9bgXpIeMO-I7jbdI0jes8FL0r-qCL7ieW5_Vw_w4aLu1bQxQG54iSkRrJRCzWg_fOni10trNsvAGqMaUACFyT1OChBOqwIIt6fwDSsjfy:1vyhOv:3lhJnID0vV_FyqeIxH0fhqlBHL-mIptyD9_wIf8jzWg	2026-03-21 02:28:21.184921+00
k1toptfrhp7t3j9s2mb6yw7h3f8rezal	.eJxVjDsOwjAQBe_iGlk4_q0p6XMGa727xgGUSPlUiLtDpBTQvpl5L5VxW1veFpnzwOqijDr9bgXpIeMO-I7jbdI0jes8FL0r-qCL7ieW5_Vw_w4aLu1bQxQG54iSkRrJRCzWg_fOni10trNsvAGqMaUACFyT1OChBOqwIIt6fwDSsjfy:1vyhOw:d1-n9gkknY0eoegi_AkO8PXxp7enxSbzfVVKi1ODY9g	2026-03-21 02:28:22.292522+00
oxom09tvm1eavekf7pdfj2zdq6obj5wk	.eJxVjDsOwjAQBe_iGlk4_q0p6XMGa727xgGUSPlUiLtDpBTQvpl5L5VxW1veFpnzwOqijDr9bgXpIeMO-I7jbdI0jes8FL0r-qCL7ieW5_Vw_w4aLu1bQxQG54iSkRrJRCzWg_fOni10trNsvAGqMaUACFyT1OChBOqwIIt6fwDSsjfy:1vyhOx:71bfoWL5n0msc5d0qGDBaUvKcZN1tUCUrJ6PK-hnXko	2026-03-21 02:28:23.59864+00
0nnev0w40l5433mj437lf9mqjix8qyxy	.eJxVjDsOwjAQBe_iGlk4_q0p6XMGa727xgGUSPlUiLtDpBTQvpl5L5VxW1veFpnzwOqijDr9bgXpIeMO-I7jbdI0jes8FL0r-qCL7ieW5_Vw_w4aLu1bQxQG54iSkRrJRCzWg_fOni10trNsvAGqMaUACFyT1OChBOqwIIt6fwDSsjfy:1w1lK6:hJhPN_O8OGXM70szpX2immGEVp5BJm06KIt2j87DNGg	2026-03-29 13:16:02.481477+00
2uscmrbcdrz4fs0mz7ttv6cmj01wnk88	.eJxVjEEOwiAQRe_C2pChUxBcuvcMBAZGqgaS0q6MdzckXej2v_f-W_iwb8XvPa9-SeIilDj9bjHQM9cB0iPUe5PU6rYuUQ5FHrTLW0v5dT3cv4MSehm11pwRAjpGisAOrLWUKRoNyvA8G3YToJkQyTiH-WxZoY1kldIJWHy-3H83Ug:1w4zIa:Ny1oeTJCrRMEzJ5Jd0NRuQj2_I_YE6ItqyK2JodprnA	2026-04-07 10:47:48.433632+00
90vz46b5hm6gaa59a9pg053v52zjydmu	.eJxVjEEOwiAQRe_C2pChUxBcuvcMBAZGqgaS0q6MdzckXej2v_f-W_iwb8XvPa9-SeIilDj9bjHQM9cB0iPUe5PU6rYuUQ5FHrTLW0v5dT3cv4MSehm11pwRAjpGisAOrLWUKRoNyvA8G3YToJkQyTiH-WxZoY1kldIJWHy-3H83Ug:1w5hlB:rnlQzrkNV9xL2Bh9rQ2Q_To_ePXp7kknzFL8H9gmELM	2026-04-09 10:16:17.68377+00
ln20sl9wqpca2jbw55q2gc6kebbdo88l	.eJxVjEEOwiAQRe_C2pChUxBcuvcMBAZGqgaS0q6MdzckXej2v_f-W_iwb8XvPa9-SeIilDj9bjHQM9cB0iPUe5PU6rYuUQ5FHrTLW0v5dT3cv4MSehm11pwRAjpGisAOrLWUKRoNyvA8G3YToJkQyTiH-WxZoY1kldIJWHy-3H83Ug:1w5ivA:t2pq_alR8X8h1Yi1N0QB-2Cj_ZlKigd2pIIA0cJ6RVQ	2026-04-09 11:30:40.591916+00
gyy0b63rpfis9sg71d01as6wi0ql1bci	.eJxVjEEOwiAQRe_C2pChUxBcuvcMBAZGqgaS0q6MdzckXej2v_f-W_iwb8XvPa9-SeIilDj9bjHQM9cB0iPUe5PU6rYuUQ5FHrTLW0v5dT3cv4MSehm11pwRAjpGisAOrLWUKRoNyvA8G3YToJkQyTiH-WxZoY1kldIJWHy-3H83Ug:1w5izB:eofq6YPo51-9x97fFHoSJ5lYZwJLnsSZJQMCMTdMNeI	2026-04-09 11:34:49.061613+00
ydd6dbtt5v3n6flay0ekuc8xbp0qoiyt	.eJxVjEEOwiAQRe_C2pChUxBcuvcMBAZGqgaS0q6MdzckXej2v_f-W_iwb8XvPa9-SeIilDj9bjHQM9cB0iPUe5PU6rYuUQ5FHrTLW0v5dT3cv4MSehm11pwRAjpGisAOrLWUKRoNyvA8G3YToJkQyTiH-WxZoY1kldIJWHy-3H83Ug:1w5j0w:R_kJXaRnRq58FrIQs0vZMeAcR5WtUdtvswUWMBkOjD4	2026-04-09 11:36:38.823067+00
4vatogrzxgm3xy7alimwz82g7p86kjyx	.eJxVjEEOwiAQRe_C2pChUxBcuvcMBAZGqgaS0q6MdzckXej2v_f-W_iwb8XvPa9-SeIilDj9bjHQM9cB0iPUe5PU6rYuUQ5FHrTLW0v5dT3cv4MSehm11pwRAjpGisAOrLWUKRoNyvA8G3YToJkQyTiH-WxZoY1kldIJWHy-3H83Ug:1w5j24:vRAt57hVKEOdqwURwIhBPY0yuT44Tm_tpwMTkJV-94U	2026-04-09 11:37:48.999896+00
vz8qgct676m3k5nbzoprw5t103aebua5	.eJxVjDEOAiEQRe9CbYjAMoClvWcgMwPKqoFk2a2Md1eSLbT9773_EhG3tcSt5yXOSZyEEoffjZAfuQ6Q7lhvTXKr6zKTHIrcaZeXlvLzvLt_BwV7GTVYxx4sMmo0kyKcdDCOCbS7Hnki8IGMCgbYGvIMmDyA-UY2UXZWvD_bwzes:1w5jWN:uH9UrWh04XTCpwSkjS1e7q16TciKqUhHcoyGBaOIKtI	2026-04-09 12:09:07.204919+00
9u0obxg9k1d2ojfww119ighgbxqd01ga	.eJxVjDEOAiEQRe9CbYjAMoClvWcgMwPKqoFk2a2Md1eSLbT9773_EhG3tcSt5yXOSZyEEoffjZAfuQ6Q7lhvTXKr6zKTHIrcaZeXlvLzvLt_BwV7GTVYxx4sMmo0kyKcdDCOCbS7Hnki8IGMCgbYGvIMmDyA-UY2UXZWvD_bwzes:1w5jXY:aM4a00dmeEGX72wb4lhCifue1-sxrEWYycrdQO9b6aM	2026-04-09 12:10:20.517486+00
\.


--
-- Data for Name: expenses_expense; Type: TABLE DATA; Schema: public; Owner: poultry_farm_db_user
--

COPY public.expenses_expense (id, date, description, amount, payment_method, receipt_file, is_recurring, recurrence_pattern, recurrence_end_date, notes, created_at, updated_at, created_by_id, category_id) FROM stdin;
2	2026-03-06	Removal of litter	500.00	cash		f	\N	\N		2026-03-11 09:28:46.015062+00	2026-03-11 09:28:46.015076+00	1	2
\.


--
-- Data for Name: expenses_expensecategory; Type: TABLE DATA; Schema: public; Owner: poultry_farm_db_user
--

COPY public.expenses_expensecategory (id, name, description, is_active, "order", created_at, updated_at) FROM stdin;
2	Labor	Staff wages & salaries	t	2	2026-02-22 21:18:24.919808+00	2026-02-22 21:18:24.919823+00
1	Feed	Chicken feed costs	t	1	2026-02-22 21:17:57.155085+00	2026-02-22 21:18:33.808519+00
3	Utilities	Electricity, water, fuel	t	3	2026-02-22 21:18:59.300408+00	2026-02-22 21:18:59.300427+00
4	Maintenance	Equipment & repairs	t	4	2026-02-22 21:19:22.906373+00	2026-02-22 21:19:22.906385+00
5	Veterinary	Animal health	t	5	2026-02-22 21:19:49.214647+00	2026-02-22 21:19:49.21466+00
6	Packaging(crates)	Egg packaging materials	t	6	2026-02-22 21:20:23.924354+00	2026-02-22 21:20:23.92437+00
7	Miscellaneous	Other expenses	t	7	2026-02-22 21:20:58.262105+00	2026-02-22 21:20:58.262117+00
\.


--
-- Data for Name: flock_eggproductionlog; Type: TABLE DATA; Schema: public; Owner: poultry_farm_db_user
--

COPY public.flock_eggproductionlog (id, recorded_date, broken_crates, small_crates, medium_crates, big_crates, notes, created_at, updated_at, flock_id) FROM stdin;
\.


--
-- Data for Name: flock_flock; Type: TABLE DATA; Schema: public; Owner: poultry_farm_db_user
--

COPY public.flock_flock (id, name, breed, date_acquired, initial_count, current_count, status, notes, created_at, updated_at) FROM stdin;
\.


--
-- Data for Name: flock_flockevent; Type: TABLE DATA; Schema: public; Owner: poultry_farm_db_user
--

COPY public.flock_flockevent (id, event_type, quantity, event_date, notes, created_at, flock_id) FROM stdin;
\.


--
-- Data for Name: inventory_eggtype; Type: TABLE DATA; Schema: public; Owner: poultry_farm_db_user
--

COPY public.inventory_eggtype (id, name, description, is_active, "order", created_at, updated_at) FROM stdin;
1	Broken	Broken eggs	t	1	2026-02-22 20:23:01.765603+00	2026-02-22 20:23:01.765621+00
2	Small	Small eggs	t	2	2026-02-22 21:14:00.515205+00	2026-02-22 21:14:00.515217+00
3	Medium	Medium eggs	t	3	2026-02-22 21:14:20.80917+00	2026-02-22 21:14:20.809185+00
4	Big	Big eggs	t	4	2026-02-22 21:14:45.478125+00	2026-02-22 21:14:45.478142+00
\.


--
-- Data for Name: inventory_intakelog; Type: TABLE DATA; Schema: public; Owner: poultry_farm_db_user
--

COPY public.inventory_intakelog (id, recorded_date, broken_crates, small_crates, medium_crates, big_crates, notes, created_at, updated_at, created_by_id) FROM stdin;
6	2026-03-05	3	71	270	17		2026-03-07 01:57:52.012236+00	2026-03-07 02:28:48.00711+00	1
7	2026-03-07	3	26	1	3		2026-03-11 09:21:24.860814+00	2026-03-11 09:21:24.860831+00	1
8	2026-03-08	2	30	0	2		2026-03-11 09:22:27.343375+00	2026-03-11 09:22:27.343398+00	1
9	2026-03-09	1	19	13	4		2026-03-11 09:23:02.183864+00	2026-03-11 09:23:02.183879+00	1
10	2026-03-10	0	19	11	4		2026-03-12 07:49:15.037516+00	2026-03-12 07:49:15.03753+00	1
11	2026-03-11	2	19	10	4		2026-03-12 08:34:07.522693+00	2026-03-12 08:34:07.522713+00	1
12	2026-03-12	2	31	0	0		2026-03-15 13:08:45.833117+00	2026-03-15 13:08:45.833133+00	1
13	2026-03-13	2	27	0	2		2026-03-15 13:11:21.548042+00	2026-03-15 13:11:21.548053+00	1
14	2026-03-14	2	15	10	3		2026-03-15 23:05:36.053236+00	2026-03-15 23:05:36.053253+00	1
15	2026-03-15	2	17	9	3		2026-03-15 23:06:29.178464+00	2026-03-15 23:06:29.178488+00	1
\.


--
-- Data for Name: inventory_pricetier; Type: TABLE DATA; Schema: public; Owner: poultry_farm_db_user
--

COPY public.inventory_pricetier (id, tier, price_per_crate, effective_date, is_active, created_at, egg_type_id) FROM stdin;
1	retail	25.00	2026-02-22	t	2026-02-22 21:15:15.607357+00	1
2	retail	40.00	2026-02-22	t	2026-02-22 21:15:31.819352+00	2
3	retail	50.00	2026-02-22	t	2026-02-22 21:15:44.215147+00	3
4	retail	60.00	2026-02-22	t	2026-02-22 21:15:53.916967+00	4
5	wholesale_base	25.00	2026-02-22	t	2026-02-22 21:16:09.795058+00	1
6	wholesale_base	35.00	2026-02-22	t	2026-02-22 21:16:25.091417+00	2
7	wholesale_base	45.00	2026-02-22	t	2026-02-22 21:16:37.65308+00	3
8	wholesale_base	55.00	2026-02-22	t	2026-02-22 21:16:49.652074+00	4
\.


--
-- Data for Name: knox_authtoken; Type: TABLE DATA; Schema: public; Owner: poultry_farm_db_user
--

COPY public.knox_authtoken (digest, created, user_id, expiry, token_key) FROM stdin;
10d7fe34ec0b10aeff5756fa92f16c87afc7d156380b432966c69942cb8646679ae3854ac033af051d05344b669ad6c15baa4a2a2ddbf5bf095aa5844c05757c	2026-03-26 12:10:20.514292+00	1	2026-03-26 22:10:20.5142+00	41579f02499dfc9
efd13554857849842284b4da897731d78c546db96e2e0be791ea8701a129ffeac380a4d8f03149ffa7f0aab4118156f3e4f61981114ef9791b30d4101e653d5f	2026-03-26 12:09:07.200818+00	1	2026-03-26 22:17:40.60626+00	8a668851ddb0dcf
\.


--
-- Data for Name: sales_sale; Type: TABLE DATA; Schema: public; Owner: poultry_farm_db_user
--

COPY public.sales_sale (id, sale_type, sale_datetime, total_amount, notes, created_at, updated_at, created_by_id, customer_id) FROM stdin;
10	retail	2026-03-10 10:37:00+00	240.00		2026-03-11 10:37:52.585021+00	2026-03-11 10:37:52.585029+00	1	\N
12	wholesale	2026-03-07 10:38:00+00	790.00		2026-03-11 10:39:08.910252+00	2026-03-11 10:39:08.910261+00	1	2
11	wholesale	2026-03-10 10:37:00+00	1980.00		2026-03-11 10:38:27.047042+00	2026-03-12 07:41:59.970472+00	1	3
9	wholesale	2026-03-10 10:34:00+00	950.00		2026-03-11 10:35:14.670766+00	2026-03-12 07:42:27.359247+00	1	2
13	wholesale	2026-03-09 07:57:00+00	1920.00		2026-03-12 07:58:22.295341+00	2026-03-12 07:58:22.295351+00	1	4
14	wholesale	2026-03-11 07:58:00+00	1520.00		2026-03-12 07:59:13.613073+00	2026-03-12 07:59:13.613082+00	1	5
15	retail	2026-03-11 07:59:00+00	160.00		2026-03-12 08:00:06.859974+00	2026-03-12 08:00:06.859984+00	1	\N
16	retail	2026-03-12 13:09:00+00	390.00		2026-03-15 13:10:17.335142+00	2026-03-15 13:10:17.335154+00	1	\N
17	retail	2026-03-13 13:11:00+00	300.00		2026-03-15 13:11:43.791964+00	2026-03-15 13:11:43.791974+00	1	\N
18	wholesale	2026-03-14 13:12:00+00	1425.00		2026-03-15 13:12:33.023267+00	2026-03-15 13:16:43.890243+00	1	3
19	wholesale	2026-03-15 23:13:00+00	350.00		2026-03-15 23:14:27.48271+00	2026-03-15 23:14:27.48272+00	1	7
20	retail	2026-03-15 23:14:00+00	90.00		2026-03-15 23:14:48.61522+00	2026-03-15 23:14:48.615228+00	1	\N
21	wholesale	2026-03-15 23:14:00+00	845.00		2026-03-15 23:15:26.211729+00	2026-03-15 23:15:26.211739+00	1	6
22	wholesale	2026-03-15 23:20:00+00	685.00		2026-03-15 23:21:30.820746+00	2026-03-15 23:21:30.820755+00	1	8
\.


--
-- Data for Name: sales_saleitem; Type: TABLE DATA; Schema: public; Owner: poultry_farm_db_user
--

COPY public.sales_saleitem (id, quantity, price_per_crate, line_total, egg_type_id, sale_id) FROM stdin;
8	10	40.00	400.00	3	9
9	10	\N	550.00	4	9
10	4	60.00	240.00	4	10
11	2	25.00	50.00	1	11
12	40	37.00	1480.00	2	11
13	10	45.00	450.00	3	11
14	6	40.00	240.00	3	12
15	10	55.00	550.00	4	12
16	40	48.00	1920.00	3	13
17	40	38.00	1520.00	2	14
18	2	\N	50.00	1	15
19	1	\N	50.00	3	15
20	1	60.00	60.00	4	15
21	5	30.00	150.00	1	16
22	6	40.00	240.00	2	16
23	6	50.00	300.00	3	17
24	1	\N	25.00	1	18
25	40	35.00	1400.00	2	18
26	10	35.00	350.00	2	19
27	3	30.00	90.00	1	20
28	15	38.00	570.00	2	21
29	5	55.00	275.00	4	21
30	2	30.00	60.00	1	22
31	10	40.00	400.00	2	22
32	5	45.00	225.00	3	22
\.


--
-- Name: auth_group_id_seq; Type: SEQUENCE SET; Schema: public; Owner: poultry_farm_db_user
--

SELECT pg_catalog.setval('public.auth_group_id_seq', 1, false);


--
-- Name: auth_group_permissions_id_seq; Type: SEQUENCE SET; Schema: public; Owner: poultry_farm_db_user
--

SELECT pg_catalog.setval('public.auth_group_permissions_id_seq', 1, false);


--
-- Name: auth_permission_id_seq; Type: SEQUENCE SET; Schema: public; Owner: poultry_farm_db_user
--

SELECT pg_catalog.setval('public.auth_permission_id_seq', 88, true);


--
-- Name: auth_user_groups_id_seq; Type: SEQUENCE SET; Schema: public; Owner: poultry_farm_db_user
--

SELECT pg_catalog.setval('public.auth_user_groups_id_seq', 1, false);


--
-- Name: auth_user_id_seq; Type: SEQUENCE SET; Schema: public; Owner: poultry_farm_db_user
--

SELECT pg_catalog.setval('public.auth_user_id_seq', 1, true);


--
-- Name: auth_user_user_permissions_id_seq; Type: SEQUENCE SET; Schema: public; Owner: poultry_farm_db_user
--

SELECT pg_catalog.setval('public.auth_user_user_permissions_id_seq', 1, false);


--
-- Name: core_auditlog_id_seq; Type: SEQUENCE SET; Schema: public; Owner: poultry_farm_db_user
--

SELECT pg_catalog.setval('public.core_auditlog_id_seq', 1, false);


--
-- Name: customers_wholesalecustomer_id_seq; Type: SEQUENCE SET; Schema: public; Owner: poultry_farm_db_user
--

SELECT pg_catalog.setval('public.customers_wholesalecustomer_id_seq', 8, true);


--
-- Name: django_admin_log_id_seq; Type: SEQUENCE SET; Schema: public; Owner: poultry_farm_db_user
--

SELECT pg_catalog.setval('public.django_admin_log_id_seq', 40, true);


--
-- Name: django_content_type_id_seq; Type: SEQUENCE SET; Schema: public; Owner: poultry_farm_db_user
--

SELECT pg_catalog.setval('public.django_content_type_id_seq', 22, true);


--
-- Name: django_migrations_id_seq; Type: SEQUENCE SET; Schema: public; Owner: poultry_farm_db_user
--

SELECT pg_catalog.setval('public.django_migrations_id_seq', 39, true);


--
-- Name: expenses_expense_id_seq; Type: SEQUENCE SET; Schema: public; Owner: poultry_farm_db_user
--

SELECT pg_catalog.setval('public.expenses_expense_id_seq', 2, true);


--
-- Name: expenses_expensecategory_id_seq; Type: SEQUENCE SET; Schema: public; Owner: poultry_farm_db_user
--

SELECT pg_catalog.setval('public.expenses_expensecategory_id_seq', 7, true);


--
-- Name: flock_eggproductionlog_id_seq; Type: SEQUENCE SET; Schema: public; Owner: poultry_farm_db_user
--

SELECT pg_catalog.setval('public.flock_eggproductionlog_id_seq', 1, false);


--
-- Name: flock_flock_id_seq; Type: SEQUENCE SET; Schema: public; Owner: poultry_farm_db_user
--

SELECT pg_catalog.setval('public.flock_flock_id_seq', 1, false);


--
-- Name: flock_flockevent_id_seq; Type: SEQUENCE SET; Schema: public; Owner: poultry_farm_db_user
--

SELECT pg_catalog.setval('public.flock_flockevent_id_seq', 1, false);


--
-- Name: inventory_eggtype_id_seq; Type: SEQUENCE SET; Schema: public; Owner: poultry_farm_db_user
--

SELECT pg_catalog.setval('public.inventory_eggtype_id_seq', 4, true);


--
-- Name: inventory_intakelog_id_seq; Type: SEQUENCE SET; Schema: public; Owner: poultry_farm_db_user
--

SELECT pg_catalog.setval('public.inventory_intakelog_id_seq', 15, true);


--
-- Name: inventory_pricetier_id_seq; Type: SEQUENCE SET; Schema: public; Owner: poultry_farm_db_user
--

SELECT pg_catalog.setval('public.inventory_pricetier_id_seq', 8, true);


--
-- Name: sales_sale_id_seq; Type: SEQUENCE SET; Schema: public; Owner: poultry_farm_db_user
--

SELECT pg_catalog.setval('public.sales_sale_id_seq', 22, true);


--
-- Name: sales_saleitem_id_seq; Type: SEQUENCE SET; Schema: public; Owner: poultry_farm_db_user
--

SELECT pg_catalog.setval('public.sales_saleitem_id_seq', 32, true);


--
-- Name: auth_group auth_group_name_key; Type: CONSTRAINT; Schema: public; Owner: poultry_farm_db_user
--

ALTER TABLE ONLY public.auth_group
    ADD CONSTRAINT auth_group_name_key UNIQUE (name);


--
-- Name: auth_group_permissions auth_group_permissions_group_id_permission_id_0cd325b0_uniq; Type: CONSTRAINT; Schema: public; Owner: poultry_farm_db_user
--

ALTER TABLE ONLY public.auth_group_permissions
    ADD CONSTRAINT auth_group_permissions_group_id_permission_id_0cd325b0_uniq UNIQUE (group_id, permission_id);


--
-- Name: auth_group_permissions auth_group_permissions_pkey; Type: CONSTRAINT; Schema: public; Owner: poultry_farm_db_user
--

ALTER TABLE ONLY public.auth_group_permissions
    ADD CONSTRAINT auth_group_permissions_pkey PRIMARY KEY (id);


--
-- Name: auth_group auth_group_pkey; Type: CONSTRAINT; Schema: public; Owner: poultry_farm_db_user
--

ALTER TABLE ONLY public.auth_group
    ADD CONSTRAINT auth_group_pkey PRIMARY KEY (id);


--
-- Name: auth_permission auth_permission_content_type_id_codename_01ab375a_uniq; Type: CONSTRAINT; Schema: public; Owner: poultry_farm_db_user
--

ALTER TABLE ONLY public.auth_permission
    ADD CONSTRAINT auth_permission_content_type_id_codename_01ab375a_uniq UNIQUE (content_type_id, codename);


--
-- Name: auth_permission auth_permission_pkey; Type: CONSTRAINT; Schema: public; Owner: poultry_farm_db_user
--

ALTER TABLE ONLY public.auth_permission
    ADD CONSTRAINT auth_permission_pkey PRIMARY KEY (id);


--
-- Name: auth_user_groups auth_user_groups_pkey; Type: CONSTRAINT; Schema: public; Owner: poultry_farm_db_user
--

ALTER TABLE ONLY public.auth_user_groups
    ADD CONSTRAINT auth_user_groups_pkey PRIMARY KEY (id);


--
-- Name: auth_user_groups auth_user_groups_user_id_group_id_94350c0c_uniq; Type: CONSTRAINT; Schema: public; Owner: poultry_farm_db_user
--

ALTER TABLE ONLY public.auth_user_groups
    ADD CONSTRAINT auth_user_groups_user_id_group_id_94350c0c_uniq UNIQUE (user_id, group_id);


--
-- Name: auth_user auth_user_pkey; Type: CONSTRAINT; Schema: public; Owner: poultry_farm_db_user
--

ALTER TABLE ONLY public.auth_user
    ADD CONSTRAINT auth_user_pkey PRIMARY KEY (id);


--
-- Name: auth_user_user_permissions auth_user_user_permissions_pkey; Type: CONSTRAINT; Schema: public; Owner: poultry_farm_db_user
--

ALTER TABLE ONLY public.auth_user_user_permissions
    ADD CONSTRAINT auth_user_user_permissions_pkey PRIMARY KEY (id);


--
-- Name: auth_user_user_permissions auth_user_user_permissions_user_id_permission_id_14a6b632_uniq; Type: CONSTRAINT; Schema: public; Owner: poultry_farm_db_user
--

ALTER TABLE ONLY public.auth_user_user_permissions
    ADD CONSTRAINT auth_user_user_permissions_user_id_permission_id_14a6b632_uniq UNIQUE (user_id, permission_id);


--
-- Name: auth_user auth_user_username_key; Type: CONSTRAINT; Schema: public; Owner: poultry_farm_db_user
--

ALTER TABLE ONLY public.auth_user
    ADD CONSTRAINT auth_user_username_key UNIQUE (username);


--
-- Name: authtoken_token authtoken_token_pkey; Type: CONSTRAINT; Schema: public; Owner: poultry_farm_db_user
--

ALTER TABLE ONLY public.authtoken_token
    ADD CONSTRAINT authtoken_token_pkey PRIMARY KEY (key);


--
-- Name: authtoken_token authtoken_token_user_id_key; Type: CONSTRAINT; Schema: public; Owner: poultry_farm_db_user
--

ALTER TABLE ONLY public.authtoken_token
    ADD CONSTRAINT authtoken_token_user_id_key UNIQUE (user_id);


--
-- Name: core_auditlog core_auditlog_pkey; Type: CONSTRAINT; Schema: public; Owner: poultry_farm_db_user
--

ALTER TABLE ONLY public.core_auditlog
    ADD CONSTRAINT core_auditlog_pkey PRIMARY KEY (id);


--
-- Name: customers_wholesalecustomer customers_wholesalecustomer_pkey; Type: CONSTRAINT; Schema: public; Owner: poultry_farm_db_user
--

ALTER TABLE ONLY public.customers_wholesalecustomer
    ADD CONSTRAINT customers_wholesalecustomer_pkey PRIMARY KEY (id);


--
-- Name: django_admin_log django_admin_log_pkey; Type: CONSTRAINT; Schema: public; Owner: poultry_farm_db_user
--

ALTER TABLE ONLY public.django_admin_log
    ADD CONSTRAINT django_admin_log_pkey PRIMARY KEY (id);


--
-- Name: django_content_type django_content_type_app_label_model_76bd3d3b_uniq; Type: CONSTRAINT; Schema: public; Owner: poultry_farm_db_user
--

ALTER TABLE ONLY public.django_content_type
    ADD CONSTRAINT django_content_type_app_label_model_76bd3d3b_uniq UNIQUE (app_label, model);


--
-- Name: django_content_type django_content_type_pkey; Type: CONSTRAINT; Schema: public; Owner: poultry_farm_db_user
--

ALTER TABLE ONLY public.django_content_type
    ADD CONSTRAINT django_content_type_pkey PRIMARY KEY (id);


--
-- Name: django_migrations django_migrations_pkey; Type: CONSTRAINT; Schema: public; Owner: poultry_farm_db_user
--

ALTER TABLE ONLY public.django_migrations
    ADD CONSTRAINT django_migrations_pkey PRIMARY KEY (id);


--
-- Name: django_session django_session_pkey; Type: CONSTRAINT; Schema: public; Owner: poultry_farm_db_user
--

ALTER TABLE ONLY public.django_session
    ADD CONSTRAINT django_session_pkey PRIMARY KEY (session_key);


--
-- Name: expenses_expense expenses_expense_pkey; Type: CONSTRAINT; Schema: public; Owner: poultry_farm_db_user
--

ALTER TABLE ONLY public.expenses_expense
    ADD CONSTRAINT expenses_expense_pkey PRIMARY KEY (id);


--
-- Name: expenses_expensecategory expenses_expensecategory_name_key; Type: CONSTRAINT; Schema: public; Owner: poultry_farm_db_user
--

ALTER TABLE ONLY public.expenses_expensecategory
    ADD CONSTRAINT expenses_expensecategory_name_key UNIQUE (name);


--
-- Name: expenses_expensecategory expenses_expensecategory_pkey; Type: CONSTRAINT; Schema: public; Owner: poultry_farm_db_user
--

ALTER TABLE ONLY public.expenses_expensecategory
    ADD CONSTRAINT expenses_expensecategory_pkey PRIMARY KEY (id);


--
-- Name: flock_eggproductionlog flock_eggproductionlog_flock_id_recorded_date_8b78a6e9_uniq; Type: CONSTRAINT; Schema: public; Owner: poultry_farm_db_user
--

ALTER TABLE ONLY public.flock_eggproductionlog
    ADD CONSTRAINT flock_eggproductionlog_flock_id_recorded_date_8b78a6e9_uniq UNIQUE (flock_id, recorded_date);


--
-- Name: flock_eggproductionlog flock_eggproductionlog_pkey; Type: CONSTRAINT; Schema: public; Owner: poultry_farm_db_user
--

ALTER TABLE ONLY public.flock_eggproductionlog
    ADD CONSTRAINT flock_eggproductionlog_pkey PRIMARY KEY (id);


--
-- Name: flock_flock flock_flock_pkey; Type: CONSTRAINT; Schema: public; Owner: poultry_farm_db_user
--

ALTER TABLE ONLY public.flock_flock
    ADD CONSTRAINT flock_flock_pkey PRIMARY KEY (id);


--
-- Name: flock_flockevent flock_flockevent_pkey; Type: CONSTRAINT; Schema: public; Owner: poultry_farm_db_user
--

ALTER TABLE ONLY public.flock_flockevent
    ADD CONSTRAINT flock_flockevent_pkey PRIMARY KEY (id);


--
-- Name: inventory_eggtype inventory_eggtype_name_key; Type: CONSTRAINT; Schema: public; Owner: poultry_farm_db_user
--

ALTER TABLE ONLY public.inventory_eggtype
    ADD CONSTRAINT inventory_eggtype_name_key UNIQUE (name);


--
-- Name: inventory_eggtype inventory_eggtype_pkey; Type: CONSTRAINT; Schema: public; Owner: poultry_farm_db_user
--

ALTER TABLE ONLY public.inventory_eggtype
    ADD CONSTRAINT inventory_eggtype_pkey PRIMARY KEY (id);


--
-- Name: inventory_intakelog inventory_intakelog_pkey; Type: CONSTRAINT; Schema: public; Owner: poultry_farm_db_user
--

ALTER TABLE ONLY public.inventory_intakelog
    ADD CONSTRAINT inventory_intakelog_pkey PRIMARY KEY (id);


--
-- Name: inventory_intakelog inventory_intakelog_recorded_date_key; Type: CONSTRAINT; Schema: public; Owner: poultry_farm_db_user
--

ALTER TABLE ONLY public.inventory_intakelog
    ADD CONSTRAINT inventory_intakelog_recorded_date_key UNIQUE (recorded_date);


--
-- Name: inventory_pricetier inventory_pricetier_pkey; Type: CONSTRAINT; Schema: public; Owner: poultry_farm_db_user
--

ALTER TABLE ONLY public.inventory_pricetier
    ADD CONSTRAINT inventory_pricetier_pkey PRIMARY KEY (id);


--
-- Name: inventory_pricetier inventory_pricetier_tier_egg_type_id_effecti_254d2fd1_uniq; Type: CONSTRAINT; Schema: public; Owner: poultry_farm_db_user
--

ALTER TABLE ONLY public.inventory_pricetier
    ADD CONSTRAINT inventory_pricetier_tier_egg_type_id_effecti_254d2fd1_uniq UNIQUE (tier, egg_type_id, effective_date);


--
-- Name: knox_authtoken knox_authtoken_pkey; Type: CONSTRAINT; Schema: public; Owner: poultry_farm_db_user
--

ALTER TABLE ONLY public.knox_authtoken
    ADD CONSTRAINT knox_authtoken_pkey PRIMARY KEY (digest);


--
-- Name: sales_sale sales_sale_pkey; Type: CONSTRAINT; Schema: public; Owner: poultry_farm_db_user
--

ALTER TABLE ONLY public.sales_sale
    ADD CONSTRAINT sales_sale_pkey PRIMARY KEY (id);


--
-- Name: sales_saleitem sales_saleitem_pkey; Type: CONSTRAINT; Schema: public; Owner: poultry_farm_db_user
--

ALTER TABLE ONLY public.sales_saleitem
    ADD CONSTRAINT sales_saleitem_pkey PRIMARY KEY (id);


--
-- Name: auth_group_name_a6ea08ec_like; Type: INDEX; Schema: public; Owner: poultry_farm_db_user
--

CREATE INDEX auth_group_name_a6ea08ec_like ON public.auth_group USING btree (name varchar_pattern_ops);


--
-- Name: auth_group_permissions_group_id_b120cbf9; Type: INDEX; Schema: public; Owner: poultry_farm_db_user
--

CREATE INDEX auth_group_permissions_group_id_b120cbf9 ON public.auth_group_permissions USING btree (group_id);


--
-- Name: auth_group_permissions_permission_id_84c5c92e; Type: INDEX; Schema: public; Owner: poultry_farm_db_user
--

CREATE INDEX auth_group_permissions_permission_id_84c5c92e ON public.auth_group_permissions USING btree (permission_id);


--
-- Name: auth_permission_content_type_id_2f476e4b; Type: INDEX; Schema: public; Owner: poultry_farm_db_user
--

CREATE INDEX auth_permission_content_type_id_2f476e4b ON public.auth_permission USING btree (content_type_id);


--
-- Name: auth_user_groups_group_id_97559544; Type: INDEX; Schema: public; Owner: poultry_farm_db_user
--

CREATE INDEX auth_user_groups_group_id_97559544 ON public.auth_user_groups USING btree (group_id);


--
-- Name: auth_user_groups_user_id_6a12ed8b; Type: INDEX; Schema: public; Owner: poultry_farm_db_user
--

CREATE INDEX auth_user_groups_user_id_6a12ed8b ON public.auth_user_groups USING btree (user_id);


--
-- Name: auth_user_user_permissions_permission_id_1fbb5f2c; Type: INDEX; Schema: public; Owner: poultry_farm_db_user
--

CREATE INDEX auth_user_user_permissions_permission_id_1fbb5f2c ON public.auth_user_user_permissions USING btree (permission_id);


--
-- Name: auth_user_user_permissions_user_id_a95ead1b; Type: INDEX; Schema: public; Owner: poultry_farm_db_user
--

CREATE INDEX auth_user_user_permissions_user_id_a95ead1b ON public.auth_user_user_permissions USING btree (user_id);


--
-- Name: auth_user_username_6821ab7c_like; Type: INDEX; Schema: public; Owner: poultry_farm_db_user
--

CREATE INDEX auth_user_username_6821ab7c_like ON public.auth_user USING btree (username varchar_pattern_ops);


--
-- Name: authtoken_token_key_10f0b77e_like; Type: INDEX; Schema: public; Owner: poultry_farm_db_user
--

CREATE INDEX authtoken_token_key_10f0b77e_like ON public.authtoken_token USING btree (key varchar_pattern_ops);


--
-- Name: core_auditl_model_1b2cd0_idx; Type: INDEX; Schema: public; Owner: poultry_farm_db_user
--

CREATE INDEX core_auditl_model_1b2cd0_idx ON public.core_auditlog USING btree (model, record_id);


--
-- Name: core_auditl_user_id_2a1528_idx; Type: INDEX; Schema: public; Owner: poultry_farm_db_user
--

CREATE INDEX core_auditl_user_id_2a1528_idx ON public.core_auditlog USING btree (user_id, "timestamp" DESC);


--
-- Name: core_auditlog_user_id_3797aaab; Type: INDEX; Schema: public; Owner: poultry_farm_db_user
--

CREATE INDEX core_auditlog_user_id_3797aaab ON public.core_auditlog USING btree (user_id);


--
-- Name: customers_w_is_acti_0dffe8_idx; Type: INDEX; Schema: public; Owner: poultry_farm_db_user
--

CREATE INDEX customers_w_is_acti_0dffe8_idx ON public.customers_wholesalecustomer USING btree (is_active);


--
-- Name: customers_w_name_c9958c_idx; Type: INDEX; Schema: public; Owner: poultry_farm_db_user
--

CREATE INDEX customers_w_name_c9958c_idx ON public.customers_wholesalecustomer USING btree (name);


--
-- Name: django_admin_log_content_type_id_c4bce8eb; Type: INDEX; Schema: public; Owner: poultry_farm_db_user
--

CREATE INDEX django_admin_log_content_type_id_c4bce8eb ON public.django_admin_log USING btree (content_type_id);


--
-- Name: django_admin_log_user_id_c564eba6; Type: INDEX; Schema: public; Owner: poultry_farm_db_user
--

CREATE INDEX django_admin_log_user_id_c564eba6 ON public.django_admin_log USING btree (user_id);


--
-- Name: django_session_expire_date_a5c62663; Type: INDEX; Schema: public; Owner: poultry_farm_db_user
--

CREATE INDEX django_session_expire_date_a5c62663 ON public.django_session USING btree (expire_date);


--
-- Name: django_session_session_key_c0390e0f_like; Type: INDEX; Schema: public; Owner: poultry_farm_db_user
--

CREATE INDEX django_session_session_key_c0390e0f_like ON public.django_session USING btree (session_key varchar_pattern_ops);


--
-- Name: expenses_ex_categor_20264a_idx; Type: INDEX; Schema: public; Owner: poultry_farm_db_user
--

CREATE INDEX expenses_ex_categor_20264a_idx ON public.expenses_expense USING btree (category_id);


--
-- Name: expenses_ex_date_17a2b2_idx; Type: INDEX; Schema: public; Owner: poultry_farm_db_user
--

CREATE INDEX expenses_ex_date_17a2b2_idx ON public.expenses_expense USING btree (date);


--
-- Name: expenses_expense_category_id_aa33bbdd; Type: INDEX; Schema: public; Owner: poultry_farm_db_user
--

CREATE INDEX expenses_expense_category_id_aa33bbdd ON public.expenses_expense USING btree (category_id);


--
-- Name: expenses_expense_created_by_id_a2610358; Type: INDEX; Schema: public; Owner: poultry_farm_db_user
--

CREATE INDEX expenses_expense_created_by_id_a2610358 ON public.expenses_expense USING btree (created_by_id);


--
-- Name: expenses_expensecategory_name_ac0768b4_like; Type: INDEX; Schema: public; Owner: poultry_farm_db_user
--

CREATE INDEX expenses_expensecategory_name_ac0768b4_like ON public.expenses_expensecategory USING btree (name varchar_pattern_ops);


--
-- Name: flock_eggproductionlog_flock_id_a200ee02; Type: INDEX; Schema: public; Owner: poultry_farm_db_user
--

CREATE INDEX flock_eggproductionlog_flock_id_a200ee02 ON public.flock_eggproductionlog USING btree (flock_id);


--
-- Name: flock_flockevent_flock_id_de75819d; Type: INDEX; Schema: public; Owner: poultry_farm_db_user
--

CREATE INDEX flock_flockevent_flock_id_de75819d ON public.flock_flockevent USING btree (flock_id);


--
-- Name: inventory_eggtype_name_7b83649b_like; Type: INDEX; Schema: public; Owner: poultry_farm_db_user
--

CREATE INDEX inventory_eggtype_name_7b83649b_like ON public.inventory_eggtype USING btree (name varchar_pattern_ops);


--
-- Name: inventory_i_recorde_4cecc8_idx; Type: INDEX; Schema: public; Owner: poultry_farm_db_user
--

CREATE INDEX inventory_i_recorde_4cecc8_idx ON public.inventory_intakelog USING btree (recorded_date);


--
-- Name: inventory_intakelog_created_by_id_6d521cbe; Type: INDEX; Schema: public; Owner: poultry_farm_db_user
--

CREATE INDEX inventory_intakelog_created_by_id_6d521cbe ON public.inventory_intakelog USING btree (created_by_id);


--
-- Name: inventory_pricetier_egg_type_id_b12d2c4c; Type: INDEX; Schema: public; Owner: poultry_farm_db_user
--

CREATE INDEX inventory_pricetier_egg_type_id_b12d2c4c ON public.inventory_pricetier USING btree (egg_type_id);


--
-- Name: knox_authtoken_digest_188c7e77_like; Type: INDEX; Schema: public; Owner: poultry_farm_db_user
--

CREATE INDEX knox_authtoken_digest_188c7e77_like ON public.knox_authtoken USING btree (digest varchar_pattern_ops);


--
-- Name: knox_authtoken_token_key_8f4f7d47; Type: INDEX; Schema: public; Owner: poultry_farm_db_user
--

CREATE INDEX knox_authtoken_token_key_8f4f7d47 ON public.knox_authtoken USING btree (token_key);


--
-- Name: knox_authtoken_token_key_8f4f7d47_like; Type: INDEX; Schema: public; Owner: poultry_farm_db_user
--

CREATE INDEX knox_authtoken_token_key_8f4f7d47_like ON public.knox_authtoken USING btree (token_key varchar_pattern_ops);


--
-- Name: knox_authtoken_user_id_e5a5d899; Type: INDEX; Schema: public; Owner: poultry_farm_db_user
--

CREATE INDEX knox_authtoken_user_id_e5a5d899 ON public.knox_authtoken USING btree (user_id);


--
-- Name: sales_sale_created_by_id_f6773268; Type: INDEX; Schema: public; Owner: poultry_farm_db_user
--

CREATE INDEX sales_sale_created_by_id_f6773268 ON public.sales_sale USING btree (created_by_id);


--
-- Name: sales_sale_custome_f0dcab_idx; Type: INDEX; Schema: public; Owner: poultry_farm_db_user
--

CREATE INDEX sales_sale_custome_f0dcab_idx ON public.sales_sale USING btree (customer_id);


--
-- Name: sales_sale_customer_id_2d66a408; Type: INDEX; Schema: public; Owner: poultry_farm_db_user
--

CREATE INDEX sales_sale_customer_id_2d66a408 ON public.sales_sale USING btree (customer_id);


--
-- Name: sales_sale_sale_da_958b5b_idx; Type: INDEX; Schema: public; Owner: poultry_farm_db_user
--

CREATE INDEX sales_sale_sale_da_958b5b_idx ON public.sales_sale USING btree (sale_datetime);


--
-- Name: sales_sale_sale_ty_7f3885_idx; Type: INDEX; Schema: public; Owner: poultry_farm_db_user
--

CREATE INDEX sales_sale_sale_ty_7f3885_idx ON public.sales_sale USING btree (sale_type);


--
-- Name: sales_salei_sale_id_92a698_idx; Type: INDEX; Schema: public; Owner: poultry_farm_db_user
--

CREATE INDEX sales_salei_sale_id_92a698_idx ON public.sales_saleitem USING btree (sale_id, egg_type_id);


--
-- Name: sales_saleitem_egg_type_id_4b63ea7f; Type: INDEX; Schema: public; Owner: poultry_farm_db_user
--

CREATE INDEX sales_saleitem_egg_type_id_4b63ea7f ON public.sales_saleitem USING btree (egg_type_id);


--
-- Name: sales_saleitem_sale_id_56e67045; Type: INDEX; Schema: public; Owner: poultry_farm_db_user
--

CREATE INDEX sales_saleitem_sale_id_56e67045 ON public.sales_saleitem USING btree (sale_id);


--
-- Name: auth_group_permissions auth_group_permissio_permission_id_84c5c92e_fk_auth_perm; Type: FK CONSTRAINT; Schema: public; Owner: poultry_farm_db_user
--

ALTER TABLE ONLY public.auth_group_permissions
    ADD CONSTRAINT auth_group_permissio_permission_id_84c5c92e_fk_auth_perm FOREIGN KEY (permission_id) REFERENCES public.auth_permission(id) DEFERRABLE INITIALLY DEFERRED;


--
-- Name: auth_group_permissions auth_group_permissions_group_id_b120cbf9_fk_auth_group_id; Type: FK CONSTRAINT; Schema: public; Owner: poultry_farm_db_user
--

ALTER TABLE ONLY public.auth_group_permissions
    ADD CONSTRAINT auth_group_permissions_group_id_b120cbf9_fk_auth_group_id FOREIGN KEY (group_id) REFERENCES public.auth_group(id) DEFERRABLE INITIALLY DEFERRED;


--
-- Name: auth_permission auth_permission_content_type_id_2f476e4b_fk_django_co; Type: FK CONSTRAINT; Schema: public; Owner: poultry_farm_db_user
--

ALTER TABLE ONLY public.auth_permission
    ADD CONSTRAINT auth_permission_content_type_id_2f476e4b_fk_django_co FOREIGN KEY (content_type_id) REFERENCES public.django_content_type(id) DEFERRABLE INITIALLY DEFERRED;


--
-- Name: auth_user_groups auth_user_groups_group_id_97559544_fk_auth_group_id; Type: FK CONSTRAINT; Schema: public; Owner: poultry_farm_db_user
--

ALTER TABLE ONLY public.auth_user_groups
    ADD CONSTRAINT auth_user_groups_group_id_97559544_fk_auth_group_id FOREIGN KEY (group_id) REFERENCES public.auth_group(id) DEFERRABLE INITIALLY DEFERRED;


--
-- Name: auth_user_groups auth_user_groups_user_id_6a12ed8b_fk_auth_user_id; Type: FK CONSTRAINT; Schema: public; Owner: poultry_farm_db_user
--

ALTER TABLE ONLY public.auth_user_groups
    ADD CONSTRAINT auth_user_groups_user_id_6a12ed8b_fk_auth_user_id FOREIGN KEY (user_id) REFERENCES public.auth_user(id) DEFERRABLE INITIALLY DEFERRED;


--
-- Name: auth_user_user_permissions auth_user_user_permi_permission_id_1fbb5f2c_fk_auth_perm; Type: FK CONSTRAINT; Schema: public; Owner: poultry_farm_db_user
--

ALTER TABLE ONLY public.auth_user_user_permissions
    ADD CONSTRAINT auth_user_user_permi_permission_id_1fbb5f2c_fk_auth_perm FOREIGN KEY (permission_id) REFERENCES public.auth_permission(id) DEFERRABLE INITIALLY DEFERRED;


--
-- Name: auth_user_user_permissions auth_user_user_permissions_user_id_a95ead1b_fk_auth_user_id; Type: FK CONSTRAINT; Schema: public; Owner: poultry_farm_db_user
--

ALTER TABLE ONLY public.auth_user_user_permissions
    ADD CONSTRAINT auth_user_user_permissions_user_id_a95ead1b_fk_auth_user_id FOREIGN KEY (user_id) REFERENCES public.auth_user(id) DEFERRABLE INITIALLY DEFERRED;


--
-- Name: authtoken_token authtoken_token_user_id_35299eff_fk_auth_user_id; Type: FK CONSTRAINT; Schema: public; Owner: poultry_farm_db_user
--

ALTER TABLE ONLY public.authtoken_token
    ADD CONSTRAINT authtoken_token_user_id_35299eff_fk_auth_user_id FOREIGN KEY (user_id) REFERENCES public.auth_user(id) DEFERRABLE INITIALLY DEFERRED;


--
-- Name: core_auditlog core_auditlog_user_id_3797aaab_fk_auth_user_id; Type: FK CONSTRAINT; Schema: public; Owner: poultry_farm_db_user
--

ALTER TABLE ONLY public.core_auditlog
    ADD CONSTRAINT core_auditlog_user_id_3797aaab_fk_auth_user_id FOREIGN KEY (user_id) REFERENCES public.auth_user(id) DEFERRABLE INITIALLY DEFERRED;


--
-- Name: django_admin_log django_admin_log_content_type_id_c4bce8eb_fk_django_co; Type: FK CONSTRAINT; Schema: public; Owner: poultry_farm_db_user
--

ALTER TABLE ONLY public.django_admin_log
    ADD CONSTRAINT django_admin_log_content_type_id_c4bce8eb_fk_django_co FOREIGN KEY (content_type_id) REFERENCES public.django_content_type(id) DEFERRABLE INITIALLY DEFERRED;


--
-- Name: django_admin_log django_admin_log_user_id_c564eba6_fk_auth_user_id; Type: FK CONSTRAINT; Schema: public; Owner: poultry_farm_db_user
--

ALTER TABLE ONLY public.django_admin_log
    ADD CONSTRAINT django_admin_log_user_id_c564eba6_fk_auth_user_id FOREIGN KEY (user_id) REFERENCES public.auth_user(id) DEFERRABLE INITIALLY DEFERRED;


--
-- Name: expenses_expense expenses_expense_category_id_aa33bbdd_fk_expenses_; Type: FK CONSTRAINT; Schema: public; Owner: poultry_farm_db_user
--

ALTER TABLE ONLY public.expenses_expense
    ADD CONSTRAINT expenses_expense_category_id_aa33bbdd_fk_expenses_ FOREIGN KEY (category_id) REFERENCES public.expenses_expensecategory(id) DEFERRABLE INITIALLY DEFERRED;


--
-- Name: expenses_expense expenses_expense_created_by_id_a2610358_fk_auth_user_id; Type: FK CONSTRAINT; Schema: public; Owner: poultry_farm_db_user
--

ALTER TABLE ONLY public.expenses_expense
    ADD CONSTRAINT expenses_expense_created_by_id_a2610358_fk_auth_user_id FOREIGN KEY (created_by_id) REFERENCES public.auth_user(id) DEFERRABLE INITIALLY DEFERRED;


--
-- Name: flock_eggproductionlog flock_eggproductionlog_flock_id_a200ee02_fk_flock_flock_id; Type: FK CONSTRAINT; Schema: public; Owner: poultry_farm_db_user
--

ALTER TABLE ONLY public.flock_eggproductionlog
    ADD CONSTRAINT flock_eggproductionlog_flock_id_a200ee02_fk_flock_flock_id FOREIGN KEY (flock_id) REFERENCES public.flock_flock(id) DEFERRABLE INITIALLY DEFERRED;


--
-- Name: flock_flockevent flock_flockevent_flock_id_de75819d_fk_flock_flock_id; Type: FK CONSTRAINT; Schema: public; Owner: poultry_farm_db_user
--

ALTER TABLE ONLY public.flock_flockevent
    ADD CONSTRAINT flock_flockevent_flock_id_de75819d_fk_flock_flock_id FOREIGN KEY (flock_id) REFERENCES public.flock_flock(id) DEFERRABLE INITIALLY DEFERRED;


--
-- Name: inventory_intakelog inventory_intakelog_created_by_id_6d521cbe_fk_auth_user_id; Type: FK CONSTRAINT; Schema: public; Owner: poultry_farm_db_user
--

ALTER TABLE ONLY public.inventory_intakelog
    ADD CONSTRAINT inventory_intakelog_created_by_id_6d521cbe_fk_auth_user_id FOREIGN KEY (created_by_id) REFERENCES public.auth_user(id) DEFERRABLE INITIALLY DEFERRED;


--
-- Name: inventory_pricetier inventory_pricetier_egg_type_id_b12d2c4c_fk_inventory; Type: FK CONSTRAINT; Schema: public; Owner: poultry_farm_db_user
--

ALTER TABLE ONLY public.inventory_pricetier
    ADD CONSTRAINT inventory_pricetier_egg_type_id_b12d2c4c_fk_inventory FOREIGN KEY (egg_type_id) REFERENCES public.inventory_eggtype(id) DEFERRABLE INITIALLY DEFERRED;


--
-- Name: knox_authtoken knox_authtoken_user_id_e5a5d899_fk_auth_user_id; Type: FK CONSTRAINT; Schema: public; Owner: poultry_farm_db_user
--

ALTER TABLE ONLY public.knox_authtoken
    ADD CONSTRAINT knox_authtoken_user_id_e5a5d899_fk_auth_user_id FOREIGN KEY (user_id) REFERENCES public.auth_user(id) DEFERRABLE INITIALLY DEFERRED;


--
-- Name: sales_sale sales_sale_created_by_id_f6773268_fk_auth_user_id; Type: FK CONSTRAINT; Schema: public; Owner: poultry_farm_db_user
--

ALTER TABLE ONLY public.sales_sale
    ADD CONSTRAINT sales_sale_created_by_id_f6773268_fk_auth_user_id FOREIGN KEY (created_by_id) REFERENCES public.auth_user(id) DEFERRABLE INITIALLY DEFERRED;


--
-- Name: sales_sale sales_sale_customer_id_2d66a408_fk_customers; Type: FK CONSTRAINT; Schema: public; Owner: poultry_farm_db_user
--

ALTER TABLE ONLY public.sales_sale
    ADD CONSTRAINT sales_sale_customer_id_2d66a408_fk_customers FOREIGN KEY (customer_id) REFERENCES public.customers_wholesalecustomer(id) DEFERRABLE INITIALLY DEFERRED;


--
-- Name: sales_saleitem sales_saleitem_egg_type_id_4b63ea7f_fk_inventory_eggtype_id; Type: FK CONSTRAINT; Schema: public; Owner: poultry_farm_db_user
--

ALTER TABLE ONLY public.sales_saleitem
    ADD CONSTRAINT sales_saleitem_egg_type_id_4b63ea7f_fk_inventory_eggtype_id FOREIGN KEY (egg_type_id) REFERENCES public.inventory_eggtype(id) DEFERRABLE INITIALLY DEFERRED;


--
-- Name: sales_saleitem sales_saleitem_sale_id_56e67045_fk_sales_sale_id; Type: FK CONSTRAINT; Schema: public; Owner: poultry_farm_db_user
--

ALTER TABLE ONLY public.sales_saleitem
    ADD CONSTRAINT sales_saleitem_sale_id_56e67045_fk_sales_sale_id FOREIGN KEY (sale_id) REFERENCES public.sales_sale(id) DEFERRABLE INITIALLY DEFERRED;


--
-- PostgreSQL database dump complete
--

\unrestrict 6m99Pah0boPrr3bMK5Kki8fdCDE12CL7KnWOz519ToYZvaabMuQ5GjqkdDMvPAx

